{
  "test-device-1": {
    "device_id": "test-device-1",
    "device_type": "desktop",
    "total_ram_gb": 125.30161666870117,
    "available_ram_gb": 57.79069519042969,
    "total_vram_gb": 23.5135498046875,
    "available_vram_gb": 23.5135498046875,
    "total_storage_gb": 937.6307716369629,
    "available_storage_gb": 258.67822265625,
    "storage_type": "nvme",
    "cpu_cores": 24,
    "cpu_frequency_ghz": 3.656932729166667,
    "cpu_name": "AMD Ryzen Threadripper 7960X 24-Cores",
    "gpu_name": "NVIDIA GeForce RTX 4090",
    "gpu_compute_capability": "8.9",
    "network_bandwidth_mbps": 1000.0,
    "network_latency_ms": 1.1224746704101562,
    "tensor_ops_per_sec": 14729.604570037225,
    "memory_bandwidth_gbps": 152.9194151382881,
    "matrix_mult_tflops": 49.68118728483724
  },
  "bootstrap-test-device": {
    "device_id": "bootstrap-test-device",
    "device_type": "desktop",
    "total_ram_gb": 125.30161666870117,
    "available_ram_gb": 46.90659713745117,
    "total_vram_gb": 23.5135498046875,
    "available_vram_gb": 23.1405029296875,
    "total_storage_gb": 937.6307716369629,
    "available_storage_gb": 258.6259536743164,
    "storage_type": "nvme",
    "cpu_cores": 24,
    "cpu_frequency_ghz": 4.213470729166667,
    "cpu_name": "AMD Ryzen Threadripper 7960X 24-Cores",
    "gpu_name": "NVIDIA GeForce RTX 4090",
    "gpu_compute_capability": "8.9",
    "network_bandwidth_mbps": 1000.0,
    "network_latency_ms": 1.1203289031982422,
    "tensor_ops_per_sec": 192458.12174977057,
    "memory_bandwidth_gbps": 190.56272410176354,
    "matrix_mult_tflops": 48.76664458441252
  }
}