{
  "test-device-1": {
    "device_id": "test-device-1",
    "device_type": "desktop",
    "total_ram_gb": 125.30161666870117,
    "available_ram_gb": 51.046817779541016,
    "total_vram_gb": 23.5135498046875,
    "available_vram_gb": 23.5135498046875,
    "total_storage_gb": 937.6307716369629,
    "available_storage_gb": 258.68102264404297,
    "storage_type": "nvme",
    "cpu_cores": 24,
    "cpu_frequency_ghz": 3.634184729166667,
    "cpu_name": "AMD Ryzen Threadripper 7960X 24-Cores",
    "gpu_name": "NVIDIA GeForce RTX 4090",
    "gpu_compute_capability": "8.9",
    "network_bandwidth_mbps": 1000.0,
    "network_latency_ms": 1.125335693359375,
    "tensor_ops_per_sec": 10865.41573480014,
    "memory_bandwidth_gbps": 131.54792975130076,
    "matrix_mult_tflops": 49.64011713828047
  }
}